{
  "Link Color" : {
    "Red Component" : 0,
    "Color Space" : "sRGB",
    "Blue Component" : 0.73423302173614502,
    "Alpha Component" : 1,
    "Green Component" : 0.35916060209274292
  },
  "Tags" : [

  ],
  "Ansi 12 Color" : {
    "Red Component" : 0.40000000000000002,
    "Color Space" : "sRGB",
    "Blue Component" : 0.80000000000000004,
    "Green Component" : 0.59999999999999998
  },
  "Ansi 7 Color" : {
    "Red Component" : 0.82745100000000005,
    "Color Space" : "sRGB",
    "Blue Component" : 0.78431373999999998,
    "Green Component" : 0.81568629999999998
  },
  "Ansi 8 Color" : {
    "Red Component" : 0.45490195999999999,
    "Color Space" : "sRGB",
    "Blue Component" : 0.41176469999999998,
    "Green Component" : 0.4509804
  },
  "Bold Color" : {
    "Red Component" : 0.82745100000000005,
    "Color Space" : "sRGB",
    "Blue Component" : 0.78431373999999998,
    "Green Component" : 0.81568629999999998
  },
  "Ansi 9 Color" : {
    "Red Component" : 0.94901959999999996,
    "Color Space" : "sRGB",
    "Blue Component" : 0.47843137000000002,
    "Green Component" : 0.46666667000000001
  },
  "Horizontal Spacing" : 1,
  "Right Option Key Sends" : 0,
  "Rows" : 25,
  "Default Bookmark" : "No",
  "Movement Keys Scroll Outside Interactive Apps" : true,
  "Cursor Guide Color" : {
    "Red Component" : 0.70213186740875244,
    "Color Space" : "sRGB",
    "Blue Component" : 1,
    "Alpha Component" : 0.25,
    "Green Component" : 0.9268307089805603
  },
  "Non-ASCII Anti Aliased" : true,
  "Use Bright Bold" : true,
  "Ansi 10 Color" : {
    "Red Component" : 0.59999999999999998,
    "Color Space" : "sRGB",
    "Blue Component" : 0.59999999999999998,
    "Green Component" : 0.80000000000000004
  },
  "Ambiguous Double Width" : false,
  "Jobs to Ignore" : [
    "rlogin",
    "ssh",
    "slogin",
    "telnet"
  ],
  "Ansi 15 Color" : {
    "Red Component" : 0.94901959999999996,
    "Color Space" : "sRGB",
    "Blue Component" : 0.92549020000000004,
    "Green Component" : 0.94117649999999997
  },
  "Foreground Color" : {
    "Red Component" : 0.82745100000000005,
    "Color Space" : "sRGB",
    "Blue Component" : 0.78431373999999998,
    "Green Component" : 0.81568629999999998
  },
  "Blinking Cursor" : false,
  "Disable Window Resizing" : true,
  "Sync Title" : false,
  "Prompt Before Closing 2" : false,
  "BM Growl" : true,
  "Command" : "",
  "Description" : "Default",
  "Mouse Reporting" : true,
  "Screen" : -1,
  "Selection Color" : {
    "Red Component" : 0.31764706999999998,
    "Color Space" : "sRGB",
    "Blue Component" : 0.31764706999999998,
    "Green Component" : 0.31764706999999998
  },
  "Columns" : 80,
  "Idle Code" : 0,
  "Ansi 13 Color" : {
    "Red Component" : 0.80000000000000004,
    "Color Space" : "sRGB",
    "Blue Component" : 0.80000000000000004,
    "Green Component" : 0.59999999999999998
  },
  "Custom Command" : "No",
  "ASCII Anti Aliased" : true,
  "Non Ascii Font" : "Monaco 12",
  "Vertical Spacing" : 1,
  "Use Bold Font" : true,
  "Option Key Sends" : 2,
  "Selected Text Color" : {
    "Red Component" : 0.82745100000000005,
    "Color Space" : "sRGB",
    "Blue Component" : 0.78431373999999998,
    "Green Component" : 0.81568629999999998
  },
  "Background Color" : {
    "Red Component" : 0.17647060000000001,
    "Color Space" : "sRGB",
    "Blue Component" : 0.17647060000000001,
    "Green Component" : 0.17647060000000001
  },
  "Character Encoding" : 4,
  "Ansi 11 Color" : {
    "Red Component" : 1,
    "Color Space" : "sRGB",
    "Blue Component" : 0.40000000000000002,
    "Green Component" : 0.80000000000000004
  },
  "Use Italic Font" : true,
  "Unlimited Scrollback" : true,
  "Keyboard Map" : {
    "0xf703-0x300000-0x7c" : {
      "Label" : "",
      "Text" : "0x05",
      "Action" : 11
    },
    "0xf703-0x280000-0x0" : {
      "Label" : "",
      "Text" : "f",
      "Action" : 10
    },
    "0xf702-0x280000-0x0" : {
      "Label" : "",
      "Text" : "b",
      "Action" : 10
    },
    "0xf702-0x300000-0x7b" : {
      "Label" : "",
      "Text" : "0x01",
      "Action" : 11
    }
  },
  "Window Type" : 0,
  "Background Image Location" : "",
  "Blur" : false,
  "Badge Color" : {
    "Red Component" : 1,
    "Color Space" : "sRGB",
    "Blue Component" : 0,
    "Alpha Component" : 0.5,
    "Green Component" : 0.1491314172744751
  },
  "Scrollback Lines" : 0,
  "Send Code When Idle" : false,
  "Close Sessions On End" : true,
  "Terminal Type" : "xterm-256color",
  "Visual Bell" : true,
  "Flashing Bell" : false,
  "Silence Bell" : false,
  "Ansi 14 Color" : {
    "Red Component" : 0.40000000000000002,
    "Color Space" : "sRGB",
    "Blue Component" : 0.80000000000000004,
    "Green Component" : 0.80000000000000004
  },
  "Name" : "Default",
  "Cursor Text Color" : {
    "Red Component" : 0.17647060000000001,
    "Color Space" : "sRGB",
    "Blue Component" : 0.17647060000000001,
    "Green Component" : 0.17647060000000001
  },
  "Shortcut" : "",
  "Cursor Color" : {
    "Red Component" : 0.82745100000000005,
    "Color Space" : "sRGB",
    "Blue Component" : 0.78431373999999998,
    "Green Component" : 0.81568629999999998
  },
  "Transparency" : 0,
  "Ansi 1 Color" : {
    "Red Component" : 0.94901959999999996,
    "Color Space" : "sRGB",
    "Blue Component" : 0.47843137000000002,
    "Green Component" : 0.46666667000000001
  },
  "Ansi 2 Color" : {
    "Red Component" : 0.59999999999999998,
    "Color Space" : "sRGB",
    "Blue Component" : 0.59999999999999998,
    "Green Component" : 0.80000000000000004
  },
  "Ansi 3 Color" : {
    "Red Component" : 1,
    "Color Space" : "sRGB",
    "Blue Component" : 0.40000000000000002,
    "Green Component" : 0.80000000000000004
  },
  "Ansi 4 Color" : {
    "Red Component" : 0.40000000000000002,
    "Color Space" : "sRGB",
    "Blue Component" : 0.80000000000000004,
    "Green Component" : 0.59999999999999998
  },
  "Ansi 5 Color" : {
    "Red Component" : 0.80000000000000004,
    "Color Space" : "sRGB",
    "Blue Component" : 0.80000000000000004,
    "Green Component" : 0.59999999999999998
  },
  "Use Non-ASCII Font" : false,
  "Ansi 6 Color" : {
    "Red Component" : 0.40000000000000002,
    "Color Space" : "sRGB",
    "Blue Component" : 0.80000000000000004,
    "Green Component" : 0.80000000000000004
  },
  "Normal Font" : "Monaco 15",
  "Custom Directory" : "Recycle",
  "Ansi 0 Color" : {
    "Red Component" : 0.17647060000000001,
    "Color Space" : "sRGB",
    "Blue Component" : 0.17647060000000001,
    "Green Component" : 0.17647060000000001
  },
  "Guid" : "C8A679FD-9F14-4A07-B874-E38398D902C6"
}
